PostID,PublishDate,PublishHour,PlatformKey,PostTypeKey,PillarKey,Reach,Impressions,Likes,Comments,Shares,Saves,Engagements,LinkClicks
P2001,2026-03-02,19,1,3,2,1496,1870,63,5,7,12,87,9
P2002,2026-03-03,12,2,3,5,1001,1251,17,1,2,4,24,17
P2003,2026-03-03,9,3,6,3,718,898,22,2,2,4,30,11
P2004,2026-03-04,12,1,1,1,2938,3672,109,9,12,21,151,15
P2005,2026-03-05,15,3,6,1,511,639,14,1,2,3,20,7
P2006,2026-03-06,21,1,1,1,6151,7689,246,21,27,48,342,22
P2007,2026-03-07,19,4,4,2,1352,1690,44,4,5,8,61,17
P2008,2026-03-08,21,1,3,1,1511,1889,76,6,8,16,106,5
P2009,2026-03-09,21,1,3,2,1909,2386,73,6,8,15,102,12
P2010,2026-03-10,21,2,3,1,739,924,12,1,1,3,17,20
P2011,2026-03-11,19,1,3,4,1286,1608,41,3,5,8,57,11
P2012,2026-03-12,9,3,6,1,1074,1342,27,2,3,6,38,9
P2013,2026-03-13,19,1,1,4,4222,5278,155,13,17,30,215,28
P2014,2026-03-14,12,2,3,5,1345,1681,25,2,3,5,35,16
P2015,2026-03-14,15,4,7,2,1129,1411,24,2,3,5,34,17
P2016,2026-03-15,19,1,1,2,6989,8736,278,23,31,54,386,50
P2017,2026-03-16,21,1,3,1,3398,4248,117,10,13,23,163,25
P2018,2026-03-17,19,2,4,4,2522,3152,41,3,5,8,57,21
P2019,2026-03-17,9,3,6,1,645,806,18,2,2,3,25,8
P2020,2026-03-18,21,1,1,1,5875,7344,300,25,33,58,416,28
P2021,2026-03-19,19,2,4,2,1764,2205,30,2,3,6,41,34
P2022,2026-03-21,21,2,4,1,1908,2385,58,5,6,11,80,33
P2023,2026-03-21,19,4,7,1,4058,5072,120,10,13,24,167,35
P2024,2026-03-22,12,1,3,2,1043,1304,24,2,3,5,34,8
P2025,2026-03-23,19,1,3,2,2632,3290,72,6,8,14,100,13
P2026,2026-03-24,12,2,3,1,1108,1385,17,1,2,4,24,17
P2027,2026-03-24,12,3,3,3,667,834,15,1,2,3,21,8
P2028,2026-03-25,21,1,2,1,2420,3025,169,14,19,33,235,13
P2029,2026-03-26,12,2,3,1,796,995,16,1,2,3,22,16
P2030,2026-03-26,12,3,2,5,2084,2605,97,8,11,19,135,45
P2031,2026-03-27,21,1,2,1,2959,3699,208,17,23,41,289,19
P2032,2026-03-28,15,4,4,4,1147,1434,31,3,3,6,43,11
P2033,2026-03-29,21,1,1,2,8180,10225,218,18,24,43,303,81
P2034,2026-03-31,21,2,3,1,776,970,12,1,1,3,17,8
P2035,2026-04-01,12,1,3,3,1409,1761,48,4,5,9,66,8
P2036,2026-04-02,12,2,5,1,823,1029,9,1,1,2,13,29
P2037,2026-04-02,15,3,2,5,1261,1576,70,6,8,13,97,10
P2038,2026-04-03,12,1,2,4,1578,1972,59,5,7,11,82,9
P2039,2026-04-04,21,2,3,2,618,772,7,1,1,1,10,6
P2040,2026-04-04,15,4,7,3,1200,1500,42,4,5,8,59,11
P2041,2026-04-06,19,1,1,1,4495,5619,158,13,18,31,220,33
P2042,2026-04-07,15,3,2,1,1572,1965,112,9,12,23,156,16
P2043,2026-04-08,21,1,1,2,5557,6946,121,10,13,24,168,36
P2044,2026-04-09,21,2,5,1,619,774,6,1,1,1,9,35
P2045,2026-04-09,9,3,3,1,1330,1662,31,3,3,6,43,12
P2046,2026-04-10,12,1,3,4,1234,1542,37,3,4,8,52,7
P2047,2026-04-11,19,4,7,5,2631,3289,85,7,9,17,118,29
P2048,2026-04-12,19,1,3,1,2143,2679,85,7,9,17,118,15
P2049,2026-04-13,19,1,2,2,2722,3402,154,13,17,30,214,10
P2050,2026-04-15,12,1,3,1,1706,2132,68,6,8,12,94,8
P2051,2026-04-16,19,2,5,5,528,660,7,1,1,1,10,20
P2052,2026-04-16,15,3,3,3,713,891,21,2,2,4,29,7
P2053,2026-04-17,21,1,3,5,1351,1689,64,5,7,13,89,11
P2054,2026-04-18,12,2,5,2,724,905,11,1,1,2,15,19
P2055,2026-04-18,15,4,7,2,2100,2625,56,5,6,11,78,21
P2056,2026-04-20,12,1,2,2,4492,5615,268,22,30,52,372,25
P2057,2026-04-21,12,2,3,1,679,849,11,1,1,2,15,11
P2058,2026-04-21,12,3,3,1,1073,1341,32,3,4,6,45,21
P2059,2026-04-22,21,1,2,5,4472,5590,366,30,41,71,508,23
P2060,2026-04-23,12,2,5,2,320,400,4,0,0,1,5,7
P2061,2026-04-23,15,3,6,1,761,951,23,2,3,4,32,6
P2062,2026-04-25,15,4,4,2,1562,1952,58,5,6,11,80,31
P2063,2026-04-27,12,1,3,1,3351,4189,143,12,16,27,198,20
P2064,2026-04-28,12,2,3,1,760,950,15,1,2,3,21,8
P2065,2026-04-28,15,3,6,4,516,645,10,1,1,2,14,5
P2066,2026-04-29,19,1,2,1,3858,4822,299,25,33,58,415,27
P2067,2026-04-30,15,3,2,1,755,944,26,2,3,5,36,9
P2068,2026-05-02,21,2,5,5,816,1020,12,1,1,2,16,35
P2069,2026-05-02,15,4,4,1,2099,2624,76,6,8,16,106,27
P2070,2026-05-03,12,1,1,5,4185,5231,185,15,21,36,257,30
P2071,2026-05-04,21,1,3,5,1785,2231,48,4,5,9,66,10
P2072,2026-05-05,19,2,3,2,1078,1348,19,2,2,4,27,11
P2073,2026-05-05,9,3,2,5,2316,2895,128,11,14,25,178,31
P2074,2026-05-06,19,1,2,2,5250,6562,482,40,54,93,669,33
P2075,2026-05-07,12,2,3,2,1055,1319,18,2,2,3,25,15
P2076,2026-05-07,12,3,2,2,2274,2842,95,8,11,18,132,25
P2077,2026-05-08,19,1,1,5,4711,5889,125,10,14,25,174,29
P2078,2026-05-09,21,2,3,1,951,1189,17,1,2,4,24,7
P2079,2026-05-09,15,4,7,1,2480,3100,95,8,11,18,132,49
P2080,2026-05-11,19,1,3,4,2017,2521,54,4,6,11,75,12
P2081,2026-05-12,19,2,4,4,2122,2652,35,3,4,6,48,42
P2082,2026-05-13,12,1,3,2,1818,2272,82,7,9,16,114,13
P2083,2026-05-14,12,3,2,3,1528,1910,66,5,7,13,91,30
P2084,2026-05-15,21,1,3,4,1195,1494,32,3,4,6,45,6
P2085,2026-05-16,21,2,5,3,930,1162,14,1,2,2,19,24
P2086,2026-05-16,19,4,4,1,1992,2490,62,5,7,12,86,16
P2087,2026-05-17,12,1,2,2,4575,5719,346,29,38,67,480,31
P2088,2026-05-18,21,1,1,3,7196,8995,213,18,24,41,296,41
P2089,2026-05-19,19,2,5,5,995,1244,9,1,1,2,13,42
P2090,2026-05-19,15,3,6,4,506,632,7,1,1,1,10,7
P2091,2026-05-22,19,1,1,5,7815,9769,248,21,28,48,345,69
P2092,2026-05-23,21,2,3,3,911,1139,18,2,2,3,25,13
P2093,2026-05-23,15,4,4,2,1245,1556,31,3,3,6,43,9
P2094,2026-05-25,21,1,1,1,5050,6312,207,17,23,41,288,31
P2095,2026-05-26,21,2,4,1,1327,1659,44,4,5,8,61,11
P2096,2026-05-26,9,3,6,1,1004,1255,30,3,3,6,42,10
P2097,2026-05-28,19,2,4,2,3297,4121,75,6,8,15,104,59
P2098,2026-05-28,15,3,3,5,499,624,17,1,2,3,23,4
P2099,2026-05-29,21,1,1,3,5111,6389,242,20,27,47,336,43
P2100,2026-05-30,19,4,4,1,1168,1460,42,3,5,8,58,14
P2101,2026-06-02,21,2,4,1,2721,3401,58,5,6,11,80,19
P2102,2026-06-03,19,1,2,2,4810,6012,292,24,32,57,405,56
P2103,2026-06-04,12,2,3,2,828,1035,16,1,2,3,22,13
P2104,2026-06-05,19,1,1,4,3953,4941,129,11,14,25,179,23
P2105,2026-06-06,15,4,4,1,2269,2836,92,8,10,18,128,24
P2106,2026-06-07,21,1,3,5,2051,2564,76,6,8,15,105,10
P2107,2026-06-08,12,1,1,4,5286,6608,172,14,19,34,239,23
P2108,2026-06-09,12,2,3,2,973,1216,17,1,2,4,24,19
P2109,2026-06-09,12,3,3,2,1154,1442,46,4,5,9,64,15
P2110,2026-06-11,9,3,2,1,2426,3032,88,7,10,17,122,18
P2111,2026-06-13,21,2,4,4,1300,1625,22,2,2,5,31,8
P2112,2026-06-13,15,4,4,5,1762,2202,30,3,3,6,42,27
P2113,2026-06-14,19,1,1,3,6639,8299,276,23,31,54,384,47
P2114,2026-06-15,19,1,1,4,5110,6388,132,11,15,26,184,27
P2115,2026-06-16,19,2,4,1,2941,3676,56,5,6,11,78,35
P2116,2026-06-16,15,3,6,1,967,1209,30,2,3,6,41,9
P2117,2026-06-17,19,1,3,1,2651,3314,99,8,11,19,137,21
P2118,2026-06-18,21,2,5,3,980,1225,11,1,1,2,15,28
P2119,2026-06-19,21,1,1,2,5122,6402,156,13,17,31,217,46
P2120,2026-06-21,19,1,1,4,5625,7031,168,14,19,32,233,38
P2121,2026-06-22,21,1,1,3,4604,5755,196,16,22,38,272,24
P2122,2026-06-23,19,2,4,4,2553,3191,32,3,4,5,44,24
P2123,2026-06-23,9,3,2,3,1884,2355,76,6,8,16,106,28
P2124,2026-06-24,21,1,1,1,6988,8735,215,18,24,41,298,43
P2125,2026-06-25,9,3,6,4,612,765,15,1,2,3,21,6
P2126,2026-06-26,21,1,3,2,1520,1900,59,5,7,11,82,12
P2127,2026-06-27,19,2,5,3,872,1090,9,1,1,2,13,28
P2128,2026-06-28,12,1,3,3,1833,2291,81,7,9,16,113,15
P2129,2026-06-29,21,1,3,1,2473,3091,66,5,7,13,91,11
P2130,2026-06-30,21,2,4,1,2018,2522,58,5,6,12,81,35
P2131,2026-06-30,12,3,3,1,1123,1404,40,3,4,8,55,13
P2132,2026-07-01,21,1,2,4,3430,4288,203,17,23,39,282,19
P2133,2026-07-02,12,2,3,2,1600,2000,27,2,3,6,38,11
P2134,2026-07-02,9,3,2,1,1922,2402,94,8,10,19,131,38
P2135,2026-07-03,19,1,3,3,4142,5178,138,11,15,27,191,21
P2136,2026-07-04,19,2,4,2,1932,2415,35,3,4,7,49,49
P2137,2026-07-04,19,4,7,2,2301,2876,78,6,9,15,108,15
P2138,2026-07-05,12,1,3,2,1768,2210,44,4,5,8,61,9
P2139,2026-07-06,12,1,1,1,9293,11616,408,34,45,79,566,46
P2140,2026-07-07,21,2,3,2,1681,2101,20,2,2,4,28,24
P2141,2026-07-07,9,3,3,2,1173,1466,32,3,4,5,44,14
P2142,2026-07-08,19,1,1,4,5004,6255,148,12,16,30,206,35
P2143,2026-07-10,21,1,1,4,4414,5518,155,13,17,30,215,14
P2144,2026-07-11,19,2,3,5,2061,2576,35,3,4,7,49,20
P2145,2026-07-13,21,1,1,4,5950,7438,179,15,20,34,248,21
P2146,2026-07-14,21,2,4,1,1720,2150,51,4,6,10,71,25
P2147,2026-07-14,15,3,2,3,2742,3428,124,10,14,24,172,33
P2148,2026-07-15,21,1,2,5,4078,5098,361,30,40,70,501,11
P2149,2026-07-16,9,3,2,4,882,1102,34,3,4,6,47,7
P2150,2026-07-17,21,1,2,1,2983,3729,209,17,23,41,290,29
P2151,2026-07-18,12,2,3,2,954,1192,17,1,2,3,23,20
P2152,2026-07-18,19,4,4,4,851,1064,21,2,2,4,29,8
P2153,2026-07-19,21,1,3,3,1916,2395,53,4,6,10,73,13
P2154,2026-07-20,12,1,1,5,7406,9258,284,24,32,54,394,47
P2155,2026-07-21,21,2,5,5,891,1114,11,1,1,2,15,28
P2156,2026-07-22,21,1,1,2,6929,8661,271,23,30,53,377,45
P2157,2026-07-23,12,2,3,3,1165,1456,30,3,3,6,42,13
P2158,2026-07-23,12,3,6,2,800,1000,17,1,2,4,24,11
P2159,2026-07-24,19,1,2,1,5105,6381,230,19,26,45,320,46
P2160,2026-07-25,21,2,5,5,738,922,6,1,1,1,9,22
P2161,2026-07-25,15,4,7,2,2347,2934,60,5,7,11,83,29
P2162,2026-07-27,19,1,1,3,6062,7578,186,15,21,36,258,31
P2163,2026-07-28,21,2,4,1,1866,2332,31,3,3,6,43,28
P2164,2026-07-28,15,3,6,4,616,770,13,1,1,3,18,12
P2165,2026-07-29,21,1,3,5,5780,7225,233,19,26,46,324,17
P2166,2026-07-30,21,2,5,3,959,1199,11,1,1,2,15,25
P2167,2026-07-30,9,3,2,1,1861,2326,92,8,10,18,128,21
P2168,2026-07-31,21,1,1,2,7125,8906,298,25,33,58,414,43
P2169,2026-08-01,19,2,4,3,2537,3171,67,6,7,13,93,27
P2170,2026-08-01,19,4,7,5,2925,3656,86,7,10,17,120,27
P2171,2026-08-02,19,1,1,4,3411,4264,101,8,11,20,140,27
P2172,2026-08-03,21,1,1,5,6732,8415,192,16,21,38,267,38
P2173,2026-08-04,15,3,6,1,755,944,19,2,2,3,26,8
P2174,2026-08-05,19,1,1,1,3673,4591,185,15,21,36,257,19
P2175,2026-08-06,21,2,3,3,1058,1322,19,2,2,3,26,17
P2176,2026-08-06,9,3,2,1,1625,2031,118,10,13,23,164,15
P2177,2026-08-08,12,2,5,5,759,949,10,1,1,2,14,32
P2178,2026-08-08,15,4,7,2,3554,4442,109,9,12,21,151,39
P2179,2026-08-09,12,1,2,2,3417,4271,155,13,17,30,215,16
P2180,2026-08-11,9,3,3,1,944,1180,27,2,3,5,37,22
P2181,2026-08-12,21,1,2,1,4770,5962,225,19,25,43,312,33
P2182,2026-08-13,21,2,3,1,1854,2318,39,3,4,8,54,34
P2183,2026-08-14,12,1,3,3,2695,3369,103,9,11,20,143,13
P2184,2026-08-15,21,2,3,5,1048,1310,26,2,3,5,36,16
P2185,2026-08-17,12,1,1,5,12715,15894,386,32,43,75,536,50
P2186,2026-08-18,12,2,4,2,1685,2106,32,3,4,6,45,20
P2187,2026-08-18,15,3,3,1,872,1090,24,2,3,4,33,16
P2188,2026-08-19,19,1,3,3,2352,2940,127,11,14,25,177,12
P2189,2026-08-20,12,2,5,2,563,704,5,0,1,1,7,19
P2190,2026-08-20,15,3,2,1,1755,2194,85,7,9,17,118,16
P2191,2026-08-22,12,2,3,2,1104,1380,14,1,2,2,19,14
P2192,2026-08-22,15,4,7,1,4911,6139,122,10,14,23,169,47
P2193,2026-08-24,12,1,2,2,2839,3549,125,10,14,25,174,16
P2194,2026-08-25,12,2,4,4,2774,3468,50,4,6,9,69,110
P2195,2026-08-25,12,3,6,2,1318,1648,37,3,4,7,51,16
P2196,2026-08-26,19,1,2,5,4267,5334,271,23,30,52,376,31
P2197,2026-08-27,19,2,5,1,1371,1714,16,1,2,3,22,59
P2198,2026-08-27,9,3,6,3,946,1182,30,3,3,6,42,15
P2199,2026-08-28,19,1,2,5,5514,6892,454,38,50,89,631,53
P2200,2026-08-29,12,2,3,5,1497,1871,23,2,3,4,32,26
P2201,2026-08-29,15,4,7,3,2589,3236,78,6,9,15,108,20
P2202,2026-08-30,21,1,1,1,6035,7544,267,22,30,52,371,20
P2203,2026-08-31,12,1,2,1,4144,5180,281,23,31,55,390,23
P2204,2026-09-01,21,2,3,5,922,1152,20,2,2,4,28,9
P2205,2026-09-01,15,3,2,4,1329,1661,40,3,4,8,55,14
P2206,2026-09-02,21,1,2,4,2669,3336,184,15,20,37,256,16
P2207,2026-09-03,21,2,4,3,3960,4950,84,7,9,17,117,71
P2208,2026-09-03,9,3,6,1,1328,1660,22,2,2,4,30,22
P2209,2026-09-04,19,1,1,3,4532,5665,253,21,28,50,352,19
P2210,2026-09-05,15,4,4,5,1486,1858,67,6,7,13,93,17
P2211,2026-09-07,12,1,3,4,2261,2826,60,5,7,11,83,8
P2212,2026-09-08,12,2,3,2,1266,1582,18,2,2,3,25,14
P2213,2026-09-08,12,3,6,3,795,994,19,2,2,4,27,8
P2214,2026-09-09,19,1,1,1,6776,8470,367,31,41,71,510,33
P2215,2026-09-10,19,2,3,3,870,1088,20,2,2,4,28,9
P2216,2026-09-10,9,3,6,3,721,901,24,2,3,4,33,10
P2217,2026-09-11,12,1,1,1,7384,9230,351,29,39,69,488,25
P2218,2026-09-12,12,2,4,2,2808,3510,67,6,7,13,93,31
P2219,2026-09-12,15,4,4,1,2548,3185,104,9,12,20,145,18
P2220,2026-09-13,19,1,2,4,3714,4642,199,17,22,39,277,39
P2221,2026-09-14,21,1,1,2,6599,8249,164,14,18,32,228,41
P2222,2026-09-15,21,2,4,1,3083,3854,85,7,9,17,118,37
P2223,2026-09-15,15,3,3,1,1104,1380,38,3,4,8,53,15
P2224,2026-09-16,19,1,1,2,9037,11296,315,26,35,61,437,37
P2225,2026-09-17,21,2,5,2,744,930,10,1,1,2,14,15
P2226,2026-09-17,9,3,6,3,950,1188,30,2,3,6,41,16
P2227,2026-09-19,21,2,3,2,1966,2458,24,2,3,5,34,24
P2228,2026-09-19,15,4,7,5,2788,3485,98,8,11,19,136,17
P2229,2026-09-20,19,1,2,4,2902,3628,143,12,16,28,199,24
P2230,2026-09-21,19,1,1,2,7379,9224,318,27,35,62,442,37
P2231,2026-09-22,12,2,5,2,1269,1586,11,1,1,2,15,38
P2232,2026-09-22,12,3,6,2,1888,2360,48,4,5,9,66,24
P2233,2026-09-23,21,1,1,5,6979,8724,410,34,46,79,569,17
P2234,2026-09-24,15,3,3,4,791,989,12,1,1,3,17,13
P2235,2026-09-25,19,1,3,1,1724,2155,73,6,8,15,102,7
P2236,2026-09-26,12,2,3,3,1130,1412,21,2,2,4,29,30
P2237,2026-09-26,19,4,4,4,2357,2946,68,6,8,12,94,30
P2238,2026-09-27,19,1,1,4,9059,11324,270,22,30,53,375,58
