Date,PlatformKey,Followers,NewFollowers
2026-03-01,1,4203,3
2026-03-01,2,2602,2
2026-03-01,3,1305,5
2026-03-01,4,801,1
2026-03-02,1,4207,4
2026-03-02,2,2608,6
2026-03-02,3,1305,0
2026-03-02,4,801,0
2026-03-03,1,4211,4
2026-03-03,2,2615,7
2026-03-03,3,1312,7
2026-03-03,4,801,0
2026-03-04,1,4223,12
2026-03-04,2,2624,9
2026-03-04,3,1314,2
2026-03-04,4,798,-3
2026-03-05,1,4231,8
2026-03-05,2,2625,1
2026-03-05,3,1315,1
2026-03-05,4,799,1
2026-03-06,1,4241,10
2026-03-06,2,2624,-1
2026-03-06,3,1318,3
2026-03-06,4,801,2
2026-03-07,1,4244,3
2026-03-07,2,2626,2
2026-03-07,3,1317,-1
2026-03-07,4,804,3
2026-03-08,1,4247,3
2026-03-08,2,2631,5
2026-03-08,3,1318,1
2026-03-08,4,803,-1
2026-03-09,1,4260,13
2026-03-09,2,2633,2
2026-03-09,3,1318,0
2026-03-09,4,806,3
2026-03-10,1,4269,9
2026-03-10,2,2634,1
2026-03-10,3,1320,2
2026-03-10,4,806,0
2026-03-11,1,4271,2
2026-03-11,2,2636,2
2026-03-11,3,1325,5
2026-03-11,4,806,0
2026-03-12,1,4277,6
2026-03-12,2,2636,0
2026-03-12,3,1327,2
2026-03-12,4,808,2
2026-03-13,1,4285,8
2026-03-13,2,2640,4
2026-03-13,3,1330,3
2026-03-13,4,811,3
2026-03-14,1,4288,3
2026-03-14,2,2643,3
2026-03-14,3,1334,4
2026-03-14,4,812,1
2026-03-15,1,4303,15
2026-03-15,2,2642,-1
2026-03-15,3,1339,5
2026-03-15,4,813,1
2026-03-16,1,4312,9
2026-03-16,2,2645,3
2026-03-16,3,1340,1
2026-03-16,4,818,5
2026-03-17,1,4316,4
2026-03-17,2,2650,5
2026-03-17,3,1346,6
2026-03-17,4,818,0
2026-03-18,1,4328,12
2026-03-18,2,2650,0
2026-03-18,3,1352,6
2026-03-18,4,819,1
2026-03-19,1,4330,2
2026-03-19,2,2652,2
2026-03-19,3,1355,3
2026-03-19,4,822,3
2026-03-20,1,4330,0
2026-03-20,2,2654,2
2026-03-20,3,1358,3
2026-03-20,4,824,2
2026-03-21,1,4336,6
2026-03-21,2,2658,4
2026-03-21,3,1358,0
2026-03-21,4,825,1
2026-03-22,1,4342,6
2026-03-22,2,2659,1
2026-03-22,3,1359,1
2026-03-22,4,826,1
2026-03-23,1,4352,10
2026-03-23,2,2661,2
2026-03-23,3,1361,2
2026-03-23,4,827,1
2026-03-24,1,4357,5
2026-03-24,2,2664,3
2026-03-24,3,1365,4
2026-03-24,4,827,0
2026-03-25,1,4361,4
2026-03-25,2,2664,0
2026-03-25,3,1369,4
2026-03-25,4,829,2
2026-03-26,1,4366,5
2026-03-26,2,2665,1
2026-03-26,3,1375,6
2026-03-26,4,828,-1
2026-03-27,1,4369,3
2026-03-27,2,2668,3
2026-03-27,3,1378,3
2026-03-27,4,826,-2
2026-03-28,1,4373,4
2026-03-28,2,2669,1
2026-03-28,3,1379,1
2026-03-28,4,826,0
2026-03-29,1,4386,13
2026-03-29,2,2672,3
2026-03-29,3,1380,1
2026-03-29,4,829,3
2026-03-30,1,4390,4
2026-03-30,2,2673,1
2026-03-30,3,1384,4
2026-03-30,4,833,4
2026-03-31,1,4396,6
2026-03-31,2,2678,5
2026-03-31,3,1385,1
2026-03-31,4,833,0
2026-04-01,1,4400,4
2026-04-01,2,2679,1
2026-04-01,3,1392,7
2026-04-01,4,836,3
2026-04-02,1,4405,5
2026-04-02,2,2682,3
2026-04-02,3,1396,4
2026-04-02,4,839,3
2026-04-03,1,4411,6
2026-04-03,2,2686,4
2026-04-03,3,1404,8
2026-04-03,4,841,2
2026-04-04,1,4416,5
2026-04-04,2,2690,4
2026-04-04,3,1406,2
2026-04-04,4,843,2
2026-04-05,1,4426,10
2026-04-05,2,2692,2
2026-04-05,3,1412,6
2026-04-05,4,845,2
2026-04-06,1,4435,9
2026-04-06,2,2696,4
2026-04-06,3,1414,2
2026-04-06,4,846,1
2026-04-07,1,4440,5
2026-04-07,2,2698,2
2026-04-07,3,1418,4
2026-04-07,4,845,-1
2026-04-08,1,4452,12
2026-04-08,2,2700,2
2026-04-08,3,1420,2
2026-04-08,4,844,-1
2026-04-09,1,4456,4
2026-04-09,2,2706,6
2026-04-09,3,1427,7
2026-04-09,4,846,2
2026-04-10,1,4458,2
2026-04-10,2,2709,3
2026-04-10,3,1432,5
2026-04-10,4,847,1
2026-04-11,1,4461,3
2026-04-11,2,2709,0
2026-04-11,3,1434,2
2026-04-11,4,850,3
2026-04-12,1,4469,8
2026-04-12,2,2711,2
2026-04-12,3,1436,2
2026-04-12,4,850,0
2026-04-13,1,4473,4
2026-04-13,2,2713,2
2026-04-13,3,1437,1
2026-04-13,4,856,6
2026-04-14,1,4480,7
2026-04-14,2,2715,2
2026-04-14,3,1440,3
2026-04-14,4,856,0
2026-04-15,1,4486,6
2026-04-15,2,2717,2
2026-04-15,3,1444,4
2026-04-15,4,856,0
2026-04-16,1,4492,6
2026-04-16,2,2718,1
2026-04-16,3,1442,-2
2026-04-16,4,857,1
2026-04-17,1,4502,10
2026-04-17,2,2716,-2
2026-04-17,3,1446,4
2026-04-17,4,858,1
2026-04-18,1,4506,4
2026-04-18,2,2718,2
2026-04-18,3,1449,3
2026-04-18,4,862,4
2026-04-19,1,4514,8
2026-04-19,2,2719,1
2026-04-19,3,1453,4
2026-04-19,4,867,5
2026-04-20,1,4518,4
2026-04-20,2,2722,3
2026-04-20,3,1455,2
2026-04-20,4,868,1
2026-04-21,1,4522,4
2026-04-21,2,2724,2
2026-04-21,3,1460,5
2026-04-21,4,872,4
2026-04-22,1,4533,11
2026-04-22,2,2726,2
2026-04-22,3,1464,4
2026-04-22,4,875,3
2026-04-23,1,4544,11
2026-04-23,2,2728,2
2026-04-23,3,1463,-1
2026-04-23,4,877,2
2026-04-24,1,4548,4
2026-04-24,2,2732,4
2026-04-24,3,1464,1
2026-04-24,4,879,2
2026-04-25,1,4549,1
2026-04-25,2,2731,-1
2026-04-25,3,1468,4
2026-04-25,4,883,4
2026-04-26,1,4555,6
2026-04-26,2,2734,3
2026-04-26,3,1470,2
2026-04-26,4,885,2
2026-04-27,1,4563,8
2026-04-27,2,2735,1
2026-04-27,3,1473,3
2026-04-27,4,886,1
2026-04-28,1,4569,6
2026-04-28,2,2735,0
2026-04-28,3,1475,2
2026-04-28,4,886,0
2026-04-29,1,4577,8
2026-04-29,2,2737,2
2026-04-29,3,1479,4
2026-04-29,4,887,1
2026-04-30,1,4582,5
2026-04-30,2,2743,6
2026-04-30,3,1480,1
2026-04-30,4,887,0
2026-05-01,1,4589,7
2026-05-01,2,2747,4
2026-05-01,3,1484,4
2026-05-01,4,888,1
2026-05-02,1,4591,2
2026-05-02,2,2751,4
2026-05-02,3,1484,0
2026-05-02,4,890,2
2026-05-03,1,4603,12
2026-05-03,2,2752,1
2026-05-03,3,1486,2
2026-05-03,4,893,3
2026-05-04,1,4616,13
2026-05-04,2,2753,1
2026-05-04,3,1491,5
2026-05-04,4,892,-1
2026-05-05,1,4623,7
2026-05-05,2,2758,5
2026-05-05,3,1498,7
2026-05-05,4,893,1
2026-05-06,1,4635,12
2026-05-06,2,2760,2
2026-05-06,3,1503,5
2026-05-06,4,894,1
2026-05-07,1,4643,8
2026-05-07,2,2763,3
2026-05-07,3,1506,3
2026-05-07,4,895,1
2026-05-08,1,4652,9
2026-05-08,2,2763,0
2026-05-08,3,1510,4
2026-05-08,4,896,1
2026-05-09,1,4656,4
2026-05-09,2,2768,5
2026-05-09,3,1513,3
2026-05-09,4,896,0
2026-05-10,1,4661,5
2026-05-10,2,2768,0
2026-05-10,3,1516,3
2026-05-10,4,897,1
2026-05-11,1,4672,11
2026-05-11,2,2769,1
2026-05-11,3,1521,5
2026-05-11,4,901,4
2026-05-12,1,4676,4
2026-05-12,2,2770,1
2026-05-12,3,1524,3
2026-05-12,4,901,0
2026-05-13,1,4683,7
2026-05-13,2,2773,3
2026-05-13,3,1531,7
2026-05-13,4,901,0
2026-05-14,1,4684,1
2026-05-14,2,2775,2
2026-05-14,3,1533,2
2026-05-14,4,902,1
2026-05-15,1,4690,6
2026-05-15,2,2778,3
2026-05-15,3,1536,3
2026-05-15,4,904,2
2026-05-16,1,4692,2
2026-05-16,2,2782,4
2026-05-16,3,1537,1
2026-05-16,4,909,5
2026-05-17,1,4700,8
2026-05-17,2,2782,0
2026-05-17,3,1542,5
2026-05-17,4,911,2
2026-05-18,1,4715,15
2026-05-18,2,2782,0
2026-05-18,3,1544,2
2026-05-18,4,912,1
2026-05-19,1,4717,2
2026-05-19,2,2782,0
2026-05-19,3,1546,2
2026-05-19,4,912,0
2026-05-20,1,4728,11
2026-05-20,2,2783,1
2026-05-20,3,1550,4
2026-05-20,4,912,0
2026-05-21,1,4737,9
2026-05-21,2,2787,4
2026-05-21,3,1552,2
2026-05-21,4,913,1
2026-05-22,1,4746,9
2026-05-22,2,2788,1
2026-05-22,3,1554,2
2026-05-22,4,914,1
2026-05-23,1,4752,6
2026-05-23,2,2791,3
2026-05-23,3,1561,7
2026-05-23,4,915,1
2026-05-24,1,4759,7
2026-05-24,2,2793,2
2026-05-24,3,1567,6
2026-05-24,4,917,2
2026-05-25,1,4774,15
2026-05-25,2,2795,2
2026-05-25,3,1571,4
2026-05-25,4,919,2
2026-05-26,1,4779,5
2026-05-26,2,2800,5
2026-05-26,3,1572,1
2026-05-26,4,920,1
2026-05-27,1,4782,3
2026-05-27,2,2803,3
2026-05-27,3,1580,8
2026-05-27,4,923,3
2026-05-28,1,4792,10
2026-05-28,2,2810,7
2026-05-28,3,1589,9
2026-05-28,4,922,-1
2026-05-29,1,4796,4
2026-05-29,2,2812,2
2026-05-29,3,1593,4
2026-05-29,4,922,0
2026-05-30,1,4803,7
2026-05-30,2,2812,0
2026-05-30,3,1594,1
2026-05-30,4,922,0
2026-05-31,1,4810,7
2026-05-31,2,2813,1
2026-05-31,3,1598,4
2026-05-31,4,924,2
2026-06-01,1,4817,7
2026-06-01,2,2815,2
2026-06-01,3,1599,1
2026-06-01,4,925,1
2026-06-02,1,4820,3
2026-06-02,2,2820,5
2026-06-02,3,1600,1
2026-06-02,4,924,-1
2026-06-03,1,4835,15
2026-06-03,2,2821,1
2026-06-03,3,1602,2
2026-06-03,4,926,2
2026-06-04,1,4837,2
2026-06-04,2,2823,2
2026-06-04,3,1606,4
2026-06-04,4,929,3
2026-06-05,1,4844,7
2026-06-05,2,2827,4
2026-06-05,3,1608,2
2026-06-05,4,929,0
2026-06-06,1,4852,8
2026-06-06,2,2829,2
2026-06-06,3,1613,5
2026-06-06,4,930,1
2026-06-07,1,4859,7
2026-06-07,2,2830,1
2026-06-07,3,1615,2
2026-06-07,4,929,-1
2026-06-08,1,4869,10
2026-06-08,2,2833,3
2026-06-08,3,1615,0
2026-06-08,4,930,1
2026-06-09,1,4873,4
2026-06-09,2,2836,3
2026-06-09,3,1619,4
2026-06-09,4,931,1
2026-06-10,1,4875,2
2026-06-10,2,2844,8
2026-06-10,3,1624,5
2026-06-10,4,932,1
2026-06-11,1,4878,3
2026-06-11,2,2846,2
2026-06-11,3,1634,10
2026-06-11,4,933,1
2026-06-12,1,4881,3
2026-06-12,2,2847,1
2026-06-12,3,1640,6
2026-06-12,4,933,0
2026-06-13,1,4888,7
2026-06-13,2,2854,7
2026-06-13,3,1644,4
2026-06-13,4,935,2
2026-06-14,1,4900,12
2026-06-14,2,2853,-1
2026-06-14,3,1650,6
2026-06-14,4,935,0
2026-06-15,1,4912,12
2026-06-15,2,2855,2
2026-06-15,3,1652,2
2026-06-15,4,937,2
2026-06-16,1,4917,5
2026-06-16,2,2859,4
2026-06-16,3,1657,5
2026-06-16,4,937,0
2026-06-17,1,4924,7
2026-06-17,2,2862,3
2026-06-17,3,1661,4
2026-06-17,4,940,3
2026-06-18,1,4926,2
2026-06-18,2,2862,0
2026-06-18,3,1661,0
2026-06-18,4,943,3
2026-06-19,1,4946,20
2026-06-19,2,2863,1
2026-06-19,3,1660,-1
2026-06-19,4,945,2
2026-06-20,1,4950,4
2026-06-20,2,2863,0
2026-06-20,3,1664,4
2026-06-20,4,948,3
2026-06-21,1,4962,12
2026-06-21,2,2863,0
2026-06-21,3,1667,3
2026-06-21,4,951,3
2026-06-22,1,4977,15
2026-06-22,2,2866,3
2026-06-22,3,1677,10
2026-06-22,4,953,2
2026-06-23,1,4985,8
2026-06-23,2,2874,8
2026-06-23,3,1687,10
2026-06-23,4,956,3
2026-06-24,1,4998,13
2026-06-24,2,2875,1
2026-06-24,3,1691,4
2026-06-24,4,958,2
2026-06-25,1,5002,4
2026-06-25,2,2878,3
2026-06-25,3,1694,3
2026-06-25,4,959,1
2026-06-26,1,5011,9
2026-06-26,2,2881,3
2026-06-26,3,1700,6
2026-06-26,4,959,0
2026-06-27,1,5017,6
2026-06-27,2,2884,3
2026-06-27,3,1701,1
2026-06-27,4,960,1
2026-06-28,1,5021,4
2026-06-28,2,2886,2
2026-06-28,3,1702,1
2026-06-28,4,963,3
2026-06-29,1,5030,9
2026-06-29,2,2888,2
2026-06-29,3,1708,6
2026-06-29,4,962,-1
2026-06-30,1,5033,3
2026-06-30,2,2891,3
2026-06-30,3,1708,0
2026-06-30,4,964,2
2026-07-01,1,5042,9
2026-07-01,2,2895,4
2026-07-01,3,1712,4
2026-07-01,4,965,1
2026-07-02,1,5048,6
2026-07-02,2,2898,3
2026-07-02,3,1721,9
2026-07-02,4,968,3
2026-07-03,1,5060,12
2026-07-03,2,2899,1
2026-07-03,3,1726,5
2026-07-03,4,970,2
2026-07-04,1,5068,8
2026-07-04,2,2902,3
2026-07-04,3,1727,1
2026-07-04,4,971,1
2026-07-05,1,5073,5
2026-07-05,2,2905,3
2026-07-05,3,1730,3
2026-07-05,4,971,0
2026-07-06,1,5091,18
2026-07-06,2,2909,4
2026-07-06,3,1733,3
2026-07-06,4,973,2
2026-07-07,1,5093,2
2026-07-07,2,2914,5
2026-07-07,3,1740,7
2026-07-07,4,974,1
2026-07-08,1,5103,10
2026-07-08,2,2916,2
2026-07-08,3,1741,1
2026-07-08,4,977,3
2026-07-09,1,5108,5
2026-07-09,2,2917,1
2026-07-09,3,1742,1
2026-07-09,4,976,-1
2026-07-10,1,5121,13
2026-07-10,2,2920,3
2026-07-10,3,1741,-1
2026-07-10,4,978,2
2026-07-11,1,5126,5
2026-07-11,2,2930,10
2026-07-11,3,1743,2
2026-07-11,4,979,1
2026-07-12,1,5129,3
2026-07-12,2,2935,5
2026-07-12,3,1747,4
2026-07-12,4,979,0
2026-07-13,1,5143,14
2026-07-13,2,2937,2
2026-07-13,3,1751,4
2026-07-13,4,982,3
2026-07-14,1,5148,5
2026-07-14,2,2942,5
2026-07-14,3,1756,5
2026-07-14,4,985,3
2026-07-15,1,5162,14
2026-07-15,2,2943,1
2026-07-15,3,1758,2
2026-07-15,4,987,2
2026-07-16,1,5166,4
2026-07-16,2,2946,3
2026-07-16,3,1764,6
2026-07-16,4,986,-1
2026-07-17,1,5174,8
2026-07-17,2,2952,6
2026-07-17,3,1766,2
2026-07-17,4,986,0
2026-07-18,1,5176,2
2026-07-18,2,2955,3
2026-07-18,3,1770,4
2026-07-18,4,989,3
2026-07-19,1,5185,9
2026-07-19,2,2957,2
2026-07-19,3,1772,2
2026-07-19,4,993,4
2026-07-20,1,5203,18
2026-07-20,2,2959,2
2026-07-20,3,1776,4
2026-07-20,4,994,1
2026-07-21,1,5210,7
2026-07-21,2,2963,4
2026-07-21,3,1781,5
2026-07-21,4,994,0
2026-07-22,1,5221,11
2026-07-22,2,2969,6
2026-07-22,3,1785,4
2026-07-22,4,996,2
2026-07-23,1,5229,8
2026-07-23,2,2974,5
2026-07-23,3,1790,5
2026-07-23,4,998,2
2026-07-24,1,5239,10
2026-07-24,2,2976,2
2026-07-24,3,1793,3
2026-07-24,4,998,0
2026-07-25,1,5245,6
2026-07-25,2,2980,4
2026-07-25,3,1797,4
2026-07-25,4,1003,5
2026-07-26,1,5257,12
2026-07-26,2,2982,2
2026-07-26,3,1799,2
2026-07-26,4,1004,1
2026-07-27,1,5267,10
2026-07-27,2,2983,1
2026-07-27,3,1800,1
2026-07-27,4,1004,0
2026-07-28,1,5277,10
2026-07-28,2,2992,9
2026-07-28,3,1803,3
2026-07-28,4,1005,1
2026-07-29,1,5280,3
2026-07-29,2,2995,3
2026-07-29,3,1802,-1
2026-07-29,4,1007,2
2026-07-30,1,5284,4
2026-07-30,2,2999,4
2026-07-30,3,1808,6
2026-07-30,4,1007,0
2026-07-31,1,5296,12
2026-07-31,2,3002,3
2026-07-31,3,1809,1
2026-07-31,4,1008,1
2026-08-01,1,5311,15
2026-08-01,2,3013,11
2026-08-01,3,1815,6
2026-08-01,4,1013,5
2026-08-02,1,5321,10
2026-08-02,2,3014,1
2026-08-02,3,1817,2
2026-08-02,4,1015,2
2026-08-03,1,5334,13
2026-08-03,2,3018,4
2026-08-03,3,1816,-1
2026-08-03,4,1017,2
2026-08-04,1,5344,10
2026-08-04,2,3022,4
2026-08-04,3,1816,0
2026-08-04,4,1020,3
2026-08-05,1,5354,10
2026-08-05,2,3021,-1
2026-08-05,3,1818,2
2026-08-05,4,1021,1
2026-08-06,1,5362,8
2026-08-06,2,3024,3
2026-08-06,3,1823,5
2026-08-06,4,1025,4
2026-08-07,1,5371,9
2026-08-07,2,3027,3
2026-08-07,3,1827,4
2026-08-07,4,1027,2
2026-08-08,1,5376,5
2026-08-08,2,3027,0
2026-08-08,3,1827,0
2026-08-08,4,1030,3
2026-08-09,1,5385,9
2026-08-09,2,3030,3
2026-08-09,3,1828,1
2026-08-09,4,1032,2
2026-08-10,1,5392,7
2026-08-10,2,3031,1
2026-08-10,3,1834,6
2026-08-10,4,1032,0
2026-08-11,1,5399,7
2026-08-11,2,3032,1
2026-08-11,3,1836,2
2026-08-11,4,1034,2
2026-08-12,1,5407,8
2026-08-12,2,3034,2
2026-08-12,3,1837,1
2026-08-12,4,1037,3
2026-08-13,1,5412,5
2026-08-13,2,3041,7
2026-08-13,3,1842,5
2026-08-13,4,1038,1
2026-08-14,1,5419,7
2026-08-14,2,3043,2
2026-08-14,3,1844,2
2026-08-14,4,1041,3
2026-08-15,1,5423,4
2026-08-15,2,3046,3
2026-08-15,3,1845,1
2026-08-15,4,1045,4
2026-08-16,1,5428,5
2026-08-16,2,3051,5
2026-08-16,3,1848,3
2026-08-16,4,1045,0
2026-08-17,1,5454,26
2026-08-17,2,3055,4
2026-08-17,3,1853,5
2026-08-17,4,1049,4
2026-08-18,1,5457,3
2026-08-18,2,3059,4
2026-08-18,3,1859,6
2026-08-18,4,1050,1
2026-08-19,1,5467,10
2026-08-19,2,3059,0
2026-08-19,3,1866,7
2026-08-19,4,1053,3
2026-08-20,1,5476,9
2026-08-20,2,3065,6
2026-08-20,3,1872,6
2026-08-20,4,1055,2
2026-08-21,1,5488,12
2026-08-21,2,3068,3
2026-08-21,3,1878,6
2026-08-21,4,1056,1
2026-08-22,1,5493,5
2026-08-22,2,3072,4
2026-08-22,3,1885,7
2026-08-22,4,1062,6
2026-08-23,1,5500,7
2026-08-23,2,3073,1
2026-08-23,3,1884,-1
2026-08-23,4,1062,0
2026-08-24,1,5507,7
2026-08-24,2,3076,3
2026-08-24,3,1885,1
2026-08-24,4,1061,-1
2026-08-25,1,5515,8
2026-08-25,2,3082,6
2026-08-25,3,1888,3
2026-08-25,4,1064,3
2026-08-26,1,5525,10
2026-08-26,2,3084,2
2026-08-26,3,1893,5
2026-08-26,4,1064,0
2026-08-27,1,5527,2
2026-08-27,2,3091,7
2026-08-27,3,1903,10
2026-08-27,4,1067,3
2026-08-28,1,5535,8
2026-08-28,2,3096,5
2026-08-28,3,1903,0
2026-08-28,4,1070,3
2026-08-29,1,5538,3
2026-08-29,2,3103,7
2026-08-29,3,1909,6
2026-08-29,4,1073,3
2026-08-30,1,5550,12
2026-08-30,2,3104,1
2026-08-30,3,1913,4
2026-08-30,4,1073,0
2026-08-31,1,5562,12
2026-08-31,2,3106,2
2026-08-31,3,1920,7
2026-08-31,4,1073,0
2026-09-01,1,5569,7
2026-09-01,2,3115,9
2026-09-01,3,1927,7
2026-09-01,4,1074,1
2026-09-02,1,5583,14
2026-09-02,2,3116,1
2026-09-02,3,1933,6
2026-09-02,4,1076,2
2026-09-03,1,5587,4
2026-09-03,2,3122,6
2026-09-03,3,1934,1
2026-09-03,4,1077,1
2026-09-04,1,5607,20
2026-09-04,2,3126,4
2026-09-04,3,1938,4
2026-09-04,4,1080,3
2026-09-05,1,5612,5
2026-09-05,2,3129,3
2026-09-05,3,1942,4
2026-09-05,4,1082,2
2026-09-06,1,5619,7
2026-09-06,2,3133,4
2026-09-06,3,1945,3
2026-09-06,4,1083,1
2026-09-07,1,5629,10
2026-09-07,2,3134,1
2026-09-07,3,1947,2
2026-09-07,4,1086,3
2026-09-08,1,5632,3
2026-09-08,2,3141,7
2026-09-08,3,1951,4
2026-09-08,4,1087,1
2026-09-09,1,5648,16
2026-09-09,2,3147,6
2026-09-09,3,1956,5
2026-09-09,4,1086,-1
2026-09-10,1,5649,1
2026-09-10,2,3151,4
2026-09-10,3,1962,6
2026-09-10,4,1087,1
2026-09-11,1,5669,20
2026-09-11,2,3154,3
2026-09-11,3,1965,3
2026-09-11,4,1089,2
2026-09-12,1,5681,12
2026-09-12,2,3159,5
2026-09-12,3,1968,3
2026-09-12,4,1090,1
2026-09-13,1,5693,12
2026-09-13,2,3161,2
2026-09-13,3,1970,2
2026-09-13,4,1091,1
2026-09-14,1,5707,14
2026-09-14,2,3163,2
2026-09-14,3,1976,6
2026-09-14,4,1092,1
2026-09-15,1,5710,3
2026-09-15,2,3165,2
2026-09-15,3,1983,7
2026-09-15,4,1091,-1
2026-09-16,1,5733,23
2026-09-16,2,3168,3
2026-09-16,3,1988,5
2026-09-16,4,1095,4
2026-09-17,1,5737,4
2026-09-17,2,3173,5
2026-09-17,3,1999,11
2026-09-17,4,1096,1
2026-09-18,1,5746,9
2026-09-18,2,3176,3
2026-09-18,3,2000,1
2026-09-18,4,1097,1
2026-09-19,1,5754,8
2026-09-19,2,3176,0
2026-09-19,3,2003,3
2026-09-19,4,1100,3
2026-09-20,1,5756,2
2026-09-20,2,3179,3
2026-09-20,3,2006,3
2026-09-20,4,1101,1
2026-09-21,1,5763,7
2026-09-21,2,3183,4
2026-09-21,3,2010,4
2026-09-21,4,1101,0
2026-09-22,1,5773,10
2026-09-22,2,3187,4
2026-09-22,3,2015,5
2026-09-22,4,1104,3
2026-09-23,1,5790,17
2026-09-23,2,3190,3
2026-09-23,3,2018,3
2026-09-23,4,1104,0
2026-09-24,1,5797,7
2026-09-24,2,3194,4
2026-09-24,3,2021,3
2026-09-24,4,1104,0
2026-09-25,1,5802,5
2026-09-25,2,3197,3
2026-09-25,3,2026,5
2026-09-25,4,1107,3
2026-09-26,1,5811,9
2026-09-26,2,3201,4
2026-09-26,3,2025,-1
2026-09-26,4,1109,2
2026-09-27,1,5832,21
2026-09-27,2,3201,0
2026-09-27,3,2026,1
2026-09-27,4,1111,2
