Date,ChannelKey,Sessions,NewUsers,EngagedSessions,Leads
2026-03-01,1,87,68,55,2
2026-03-01,2,51,23,28,0
2026-03-01,3,15,11,6,0
2026-03-01,4,11,7,7,0
2026-03-01,5,7,2,5,1
2026-03-01,6,32,26,14,0
2026-03-02,1,100,78,61,4
2026-03-02,2,54,24,29,1
2026-03-02,3,23,17,9,0
2026-03-02,4,13,9,8,0
2026-03-02,5,8,2,5,2
2026-03-02,6,39,31,18,1
2026-03-03,1,127,99,76,6
2026-03-03,2,51,23,27,2
2026-03-03,3,37,27,15,1
2026-03-03,4,14,10,8,0
2026-03-03,5,8,2,5,0
2026-03-03,6,41,33,19,1
2026-03-04,1,119,93,73,2
2026-03-04,2,53,24,28,2
2026-03-04,3,27,19,11,0
2026-03-04,4,12,8,7,0
2026-03-04,5,9,3,6,0
2026-03-04,6,45,36,22,1
2026-03-05,1,118,92,72,6
2026-03-05,2,68,31,37,6
2026-03-05,3,19,14,8,0
2026-03-05,4,14,10,8,0
2026-03-05,5,24,7,15,1
2026-03-05,6,40,32,19,1
2026-03-06,1,104,81,62,5
2026-03-06,2,66,30,35,2
2026-03-06,3,36,26,15,3
2026-03-06,4,12,8,7,0
2026-03-06,5,9,3,6,0
2026-03-06,6,43,34,18,0
2026-03-07,1,113,88,70,4
2026-03-07,2,52,23,30,3
2026-03-07,3,29,21,12,0
2026-03-07,4,10,7,6,1
2026-03-07,5,7,2,5,0
2026-03-07,6,35,28,16,0
2026-03-08,1,101,79,62,3
2026-03-08,2,50,22,28,0
2026-03-08,3,18,13,7,0
2026-03-08,4,11,7,7,1
2026-03-08,5,7,2,5,1
2026-03-08,6,34,27,15,2
2026-03-09,1,115,90,70,4
2026-03-09,2,60,27,34,1
2026-03-09,3,28,20,12,0
2026-03-09,4,14,10,8,0
2026-03-09,5,8,2,5,0
2026-03-09,6,41,33,18,0
2026-03-10,1,121,94,81,4
2026-03-10,2,48,22,26,1
2026-03-10,3,38,27,15,0
2026-03-10,4,13,9,8,0
2026-03-10,5,8,2,5,0
2026-03-10,6,42,34,20,1
2026-03-11,1,118,92,72,1
2026-03-11,2,54,24,29,2
2026-03-11,3,27,19,11,0
2026-03-11,4,16,11,9,0
2026-03-11,5,7,2,5,0
2026-03-11,6,42,34,18,2
2026-03-12,1,123,96,80,5
2026-03-12,2,45,20,25,0
2026-03-12,3,19,14,7,0
2026-03-12,4,14,10,8,1
2026-03-12,5,29,9,19,2
2026-03-12,6,36,29,15,1
2026-03-13,1,111,87,69,4
2026-03-13,2,67,30,39,2
2026-03-13,3,37,27,14,0
2026-03-13,4,15,10,9,0
2026-03-13,5,6,2,4,0
2026-03-13,6,36,29,16,3
2026-03-14,1,90,70,55,3
2026-03-14,2,45,20,24,2
2026-03-14,3,45,32,17,1
2026-03-14,4,12,8,7,0
2026-03-14,5,7,2,4,0
2026-03-14,6,36,29,17,2
2026-03-15,1,93,73,61,6
2026-03-15,2,52,23,27,1
2026-03-15,3,61,44,24,1
2026-03-15,4,10,7,6,0
2026-03-15,5,6,2,4,0
2026-03-15,6,38,30,17,0
2026-03-16,1,129,101,78,2
2026-03-16,2,62,28,32,2
2026-03-16,3,33,24,13,1
2026-03-16,4,14,10,8,1
2026-03-16,5,8,2,5,0
2026-03-16,6,36,29,15,0
2026-03-17,1,141,110,96,7
2026-03-17,2,71,32,40,3
2026-03-17,3,35,25,14,0
2026-03-17,4,14,10,8,0
2026-03-17,5,8,2,5,1
2026-03-17,6,33,26,15,1
2026-03-18,1,133,104,85,2
2026-03-18,2,61,27,33,2
2026-03-18,3,42,30,17,2
2026-03-18,4,14,10,8,0
2026-03-18,5,9,3,6,0
2026-03-18,6,42,34,19,4
2026-03-19,1,127,99,81,4
2026-03-19,2,58,26,33,1
2026-03-19,3,43,31,18,0
2026-03-19,4,13,9,8,0
2026-03-19,5,30,9,18,0
2026-03-19,6,39,31,19,1
2026-03-20,1,124,97,74,3
2026-03-20,2,61,27,34,1
2026-03-20,3,14,10,5,0
2026-03-20,4,12,8,7,2
2026-03-20,5,6,2,4,0
2026-03-20,6,38,30,17,0
2026-03-21,1,99,77,60,3
2026-03-21,2,46,21,24,4
2026-03-21,3,75,54,30,1
2026-03-21,4,14,10,8,0
2026-03-21,5,7,2,5,1
2026-03-21,6,36,29,16,0
2026-03-22,1,114,89,70,3
2026-03-22,2,48,22,25,1
2026-03-22,3,20,14,8,0
2026-03-22,4,10,7,6,0
2026-03-22,5,6,2,4,0
2026-03-22,6,32,26,15,3
2026-03-23,1,126,98,82,5
2026-03-23,2,67,30,34,2
2026-03-23,3,23,17,9,0
2026-03-23,4,14,10,8,3
2026-03-23,5,7,2,4,0
2026-03-23,6,41,33,20,0
2026-03-24,1,129,101,78,3
2026-03-24,2,65,29,37,4
2026-03-24,3,35,25,14,0
2026-03-24,4,16,11,9,2
2026-03-24,5,8,2,5,0
2026-03-24,6,40,32,17,3
2026-03-25,1,124,97,73,6
2026-03-25,2,58,26,31,0
2026-03-25,3,25,18,9,0
2026-03-25,4,14,10,8,0
2026-03-25,5,9,3,6,0
2026-03-25,6,37,30,16,1
2026-03-26,1,120,94,79,1
2026-03-26,2,69,31,39,1
2026-03-26,3,68,49,28,1
2026-03-26,4,16,11,9,1
2026-03-26,5,28,8,18,3
2026-03-26,6,33,26,16,0
2026-03-27,1,154,120,103,4
2026-03-27,2,64,29,35,3
2026-03-27,3,29,21,12,0
2026-03-27,4,11,7,7,2
2026-03-27,5,9,3,6,0
2026-03-27,6,42,34,19,0
2026-03-28,1,104,81,62,3
2026-03-28,2,49,22,27,2
2026-03-28,3,26,19,10,0
2026-03-28,4,11,7,6,0
2026-03-28,5,7,2,5,1
2026-03-28,6,35,28,16,1
2026-03-29,1,114,89,68,6
2026-03-29,2,50,22,30,0
2026-03-29,3,83,60,31,1
2026-03-29,4,11,7,6,0
2026-03-29,5,7,2,5,0
2026-03-29,6,32,26,15,1
2026-03-30,1,143,112,87,4
2026-03-30,2,51,23,27,0
2026-03-30,3,13,9,5,0
2026-03-30,4,15,10,9,1
2026-03-30,5,6,2,4,0
2026-03-30,6,43,34,20,1
2026-03-31,1,139,108,88,7
2026-03-31,2,62,28,34,4
2026-03-31,3,22,16,9,0
2026-03-31,4,16,11,10,0
2026-03-31,5,9,3,6,0
2026-03-31,6,38,30,17,1
2026-04-01,1,120,94,70,1
2026-04-01,2,59,27,32,1
2026-04-01,3,19,14,8,0
2026-04-01,4,13,9,8,0
2026-04-01,5,7,2,5,0
2026-04-01,6,34,27,15,0
2026-04-02,1,141,110,89,8
2026-04-02,2,68,31,38,1
2026-04-02,3,44,32,17,0
2026-04-02,4,14,10,8,0
2026-04-02,5,22,7,14,0
2026-04-02,6,41,33,17,1
2026-04-03,1,137,107,81,1
2026-04-03,2,65,29,35,0
2026-04-03,3,22,16,9,0
2026-04-03,4,15,10,9,1
2026-04-03,5,6,2,4,1
2026-04-03,6,35,28,16,1
2026-04-04,1,108,84,62,7
2026-04-04,2,51,23,29,1
2026-04-04,3,33,24,13,0
2026-04-04,4,10,7,6,0
2026-04-04,5,7,2,5,0
2026-04-04,6,34,27,16,3
2026-04-05,1,104,81,64,7
2026-04-05,2,57,26,31,1
2026-04-05,3,12,9,4,0
2026-04-05,4,12,8,7,1
2026-04-05,5,8,2,5,0
2026-04-05,6,38,30,18,0
2026-04-06,1,163,127,99,2
2026-04-06,2,59,27,31,2
2026-04-06,3,43,31,16,0
2026-04-06,4,13,9,8,0
2026-04-06,5,8,2,5,0
2026-04-06,6,41,33,19,0
2026-04-07,1,172,134,103,6
2026-04-07,2,54,24,29,0
2026-04-07,3,27,19,11,0
2026-04-07,4,12,8,7,0
2026-04-07,5,8,2,5,0
2026-04-07,6,46,37,20,0
2026-04-08,1,133,104,82,3
2026-04-08,2,57,26,33,1
2026-04-08,3,50,36,20,0
2026-04-08,4,15,10,9,1
2026-04-08,5,10,3,7,0
2026-04-08,6,49,39,22,0
2026-04-09,1,159,124,90,4
2026-04-09,2,63,28,35,0
2026-04-09,3,50,36,19,0
2026-04-09,4,16,11,9,0
2026-04-09,5,23,7,16,3
2026-04-09,6,38,30,18,1
2026-04-10,1,142,111,94,5
2026-04-10,2,63,28,37,0
2026-04-10,3,24,17,10,1
2026-04-10,4,12,8,7,0
2026-04-10,5,8,2,5,0
2026-04-10,6,36,29,16,2
2026-04-11,1,138,108,85,4
2026-04-11,2,57,26,33,1
2026-04-11,3,37,27,15,0
2026-04-11,4,11,7,6,0
2026-04-11,5,7,2,5,0
2026-04-11,6,33,26,15,1
2026-04-12,1,104,81,69,4
2026-04-12,2,55,25,31,1
2026-04-12,3,28,20,12,0
2026-04-12,4,11,7,7,1
2026-04-12,5,6,2,4,0
2026-04-12,6,33,26,15,0
2026-04-13,1,140,109,83,1
2026-04-13,2,61,27,33,1
2026-04-13,3,27,19,11,2
2026-04-13,4,12,8,7,0
2026-04-13,5,8,2,5,0
2026-04-13,6,36,29,17,1
2026-04-14,1,143,112,88,2
2026-04-14,2,72,32,39,2
2026-04-14,3,14,10,5,0
2026-04-14,4,16,11,9,0
2026-04-14,5,7,2,4,0
2026-04-14,6,39,31,19,2
2026-04-15,1,156,122,98,9
2026-04-15,2,60,27,34,1
2026-04-15,3,22,16,9,0
2026-04-15,4,14,10,8,0
2026-04-15,5,9,3,6,1
2026-04-15,6,39,31,17,1
2026-04-16,1,128,100,84,4
2026-04-16,2,57,26,31,3
2026-04-16,3,37,27,15,1
2026-04-16,4,16,11,9,1
2026-04-16,5,30,9,18,3
2026-04-16,6,35,28,16,1
2026-04-17,1,149,116,92,8
2026-04-17,2,62,28,33,1
2026-04-17,3,20,14,8,0
2026-04-17,4,12,8,7,0
2026-04-17,5,8,2,5,0
2026-04-17,6,39,31,17,3
2026-04-18,1,99,77,61,7
2026-04-18,2,40,18,22,0
2026-04-18,3,52,37,21,0
2026-04-18,4,10,7,6,1
2026-04-18,5,8,2,5,0
2026-04-18,6,26,21,11,0
2026-04-19,1,137,107,92,4
2026-04-19,2,51,23,28,2
2026-04-19,3,12,9,5,0
2026-04-19,4,12,8,6,1
2026-04-19,5,7,2,5,0
2026-04-19,6,36,29,15,1
2026-04-20,1,129,101,79,5
2026-04-20,2,58,26,35,2
2026-04-20,3,38,27,16,2
2026-04-20,4,15,10,9,0
2026-04-20,5,8,2,5,0
2026-04-20,6,41,33,18,0
2026-04-21,1,157,122,96,6
2026-04-21,2,62,28,36,0
2026-04-21,3,36,26,14,1
2026-04-21,4,11,7,6,0
2026-04-21,5,6,2,4,0
2026-04-21,6,36,29,17,1
2026-04-22,1,148,115,95,10
2026-04-22,2,70,32,38,0
2026-04-22,3,32,23,13,0
2026-04-22,4,18,12,10,1
2026-04-22,5,7,2,5,0
2026-04-22,6,50,40,22,2
2026-04-23,1,183,143,115,8
2026-04-23,2,68,31,35,4
2026-04-23,3,28,20,11,0
2026-04-23,4,13,9,8,1
2026-04-23,5,30,9,20,1
2026-04-23,6,44,35,18,2
2026-04-24,1,161,126,95,3
2026-04-24,2,65,29,36,1
2026-04-24,3,12,9,5,0
2026-04-24,4,15,10,9,0
2026-04-24,5,8,2,5,1
2026-04-24,6,40,32,18,1
2026-04-25,1,165,129,103,8
2026-04-25,2,53,24,26,1
2026-04-25,3,44,32,19,1
2026-04-25,4,11,7,6,1
2026-04-25,5,7,2,5,1
2026-04-25,6,37,30,17,2
2026-04-26,1,125,98,73,5
2026-04-26,2,53,24,28,3
2026-04-26,3,15,11,6,1
2026-04-26,4,12,8,7,0
2026-04-26,5,7,2,5,0
2026-04-26,6,34,27,15,0
2026-04-27,1,163,127,103,5
2026-04-27,2,53,24,29,2
2026-04-27,3,32,23,13,0
2026-04-27,4,14,10,8,0
2026-04-27,5,8,2,5,0
2026-04-27,6,40,32,18,1
2026-04-28,1,163,127,105,7
2026-04-28,2,83,37,50,0
2026-04-28,3,26,19,11,1
2026-04-28,4,13,9,7,0
2026-04-28,5,7,2,4,0
2026-04-28,6,38,30,17,0
2026-04-29,1,168,131,106,8
2026-04-29,2,60,27,30,1
2026-04-29,3,34,24,14,0
2026-04-29,4,13,9,8,0
2026-04-29,5,8,2,6,0
2026-04-29,6,31,25,14,0
2026-04-30,1,164,128,99,4
2026-04-30,2,61,27,33,4
2026-04-30,3,23,17,9,0
2026-04-30,4,12,8,7,0
2026-04-30,5,27,8,19,3
2026-04-30,6,42,34,19,0
2026-05-01,1,196,153,118,4
2026-05-01,2,62,28,33,4
2026-05-01,3,12,9,4,1
2026-05-01,4,12,8,7,0
2026-05-01,5,9,3,6,1
2026-05-01,6,45,36,21,2
2026-05-02,1,118,92,75,6
2026-05-02,2,54,24,30,2
2026-05-02,3,68,49,29,0
2026-05-02,4,12,8,7,0
2026-05-02,5,7,2,5,0
2026-05-02,6,38,30,16,1
2026-05-03,1,128,100,81,5
2026-05-03,2,63,28,33,0
2026-05-03,3,42,30,17,1
2026-05-03,4,12,8,7,0
2026-05-03,5,7,2,5,0
2026-05-03,6,30,24,14,0
2026-05-04,1,191,149,119,5
2026-05-04,2,62,28,32,4
2026-05-04,3,25,18,10,0
2026-05-04,4,15,10,9,2
2026-05-04,5,9,3,6,2
2026-05-04,6,43,34,20,3
2026-05-05,1,158,123,96,4
2026-05-05,2,68,31,36,0
2026-05-05,3,51,37,20,0
2026-05-05,4,16,11,9,3
2026-05-05,5,8,2,5,0
2026-05-05,6,37,30,16,0
2026-05-06,1,170,133,105,4
2026-05-06,2,65,29,37,0
2026-05-06,3,46,33,18,0
2026-05-06,4,13,9,8,0
2026-05-06,5,8,2,5,0
2026-05-06,6,42,34,19,0
2026-05-07,1,149,116,95,5
2026-05-07,2,67,30,36,0
2026-05-07,3,52,37,21,0
2026-05-07,4,16,11,9,0
2026-05-07,5,33,10,22,2
2026-05-07,6,45,36,20,2
2026-05-08,1,148,115,89,9
2026-05-08,2,66,30,38,0
2026-05-08,3,41,30,17,2
2026-05-08,4,14,10,8,1
2026-05-08,5,7,2,5,0
2026-05-08,6,40,32,18,0
2026-05-09,1,123,96,78,4
2026-05-09,2,53,24,30,2
2026-05-09,3,60,43,23,0
2026-05-09,4,13,9,8,1
2026-05-09,5,6,2,4,0
2026-05-09,6,35,28,15,1
2026-05-10,1,128,100,82,4
2026-05-10,2,53,24,29,1
2026-05-10,3,13,9,5,0
2026-05-10,4,12,8,7,0
2026-05-10,5,8,2,5,1
2026-05-10,6,31,25,14,0
2026-05-11,1,178,139,108,5
2026-05-11,2,60,27,33,1
2026-05-11,3,26,19,11,1
2026-05-11,4,14,10,8,1
2026-05-11,5,9,3,6,0
2026-05-11,6,41,33,19,0
2026-05-12,1,170,133,105,6
2026-05-12,2,66,30,36,1
2026-05-12,3,49,35,20,3
2026-05-12,4,14,10,8,0
2026-05-12,5,8,2,5,1
2026-05-12,6,47,38,23,3
2026-05-13,1,191,149,117,8
2026-05-13,2,63,28,35,4
2026-05-13,3,26,19,10,0
2026-05-13,4,14,10,8,2
2026-05-13,5,8,2,5,0
2026-05-13,6,46,37,21,0
2026-05-14,1,183,143,111,0
2026-05-14,2,61,27,36,3
2026-05-14,3,40,29,15,0
2026-05-14,4,15,10,9,0
2026-05-14,5,29,9,19,1
2026-05-14,6,37,30,17,1
2026-05-15,1,169,132,100,3
2026-05-15,2,68,31,36,0
2026-05-15,3,22,16,9,0
2026-05-15,4,15,10,9,0
2026-05-15,5,7,2,5,0
2026-05-15,6,37,30,16,0
2026-05-16,1,150,117,91,4
2026-05-16,2,43,19,25,2
2026-05-16,3,43,31,17,0
2026-05-16,4,11,7,6,1
2026-05-16,5,7,2,5,0
2026-05-16,6,31,25,14,2
2026-05-17,1,134,105,82,4
2026-05-17,2,52,23,29,1
2026-05-17,3,40,29,17,0
2026-05-17,4,13,9,7,0
2026-05-17,5,6,2,4,0
2026-05-17,6,34,27,14,1
2026-05-18,1,173,135,101,9
2026-05-18,2,64,29,35,2
2026-05-18,3,56,40,22,1
2026-05-18,4,17,12,9,0
2026-05-18,5,7,2,5,0
2026-05-18,6,35,28,14,0
2026-05-19,1,199,155,121,4
2026-05-19,2,49,22,27,1
2026-05-19,3,55,40,22,0
2026-05-19,4,14,10,8,2
2026-05-19,5,8,2,5,1
2026-05-19,6,41,33,19,0
2026-05-20,1,185,144,108,9
2026-05-20,2,48,22,25,2
2026-05-20,3,14,10,6,0
2026-05-20,4,13,9,8,0
2026-05-20,5,8,2,5,0
2026-05-20,6,35,28,15,1
2026-05-21,1,216,168,134,2
2026-05-21,2,66,30,35,1
2026-05-21,3,15,11,6,0
2026-05-21,4,14,10,8,1
2026-05-21,5,29,9,19,0
2026-05-21,6,39,31,18,1
2026-05-22,1,150,117,90,5
2026-05-22,2,56,25,28,2
2026-05-22,3,84,60,36,0
2026-05-22,4,15,10,9,0
2026-05-22,5,8,2,5,0
2026-05-22,6,41,33,19,1
2026-05-23,1,178,139,121,7
2026-05-23,2,47,21,27,2
2026-05-23,3,34,24,13,0
2026-05-23,4,14,10,8,0
2026-05-23,5,7,2,4,0
2026-05-23,6,36,29,16,2
2026-05-24,1,129,101,83,6
2026-05-24,2,54,24,28,1
2026-05-24,3,14,10,6,0
2026-05-24,4,12,8,7,0
2026-05-24,5,6,2,4,1
2026-05-24,6,37,30,16,3
2026-05-25,1,182,142,118,9
2026-05-25,2,64,29,36,1
2026-05-25,3,52,37,21,0
2026-05-25,4,14,10,8,0
2026-05-25,5,8,2,5,1
2026-05-25,6,42,34,20,2
2026-05-26,1,200,156,127,7
2026-05-26,2,63,28,33,0
2026-05-26,3,35,25,13,0
2026-05-26,4,15,10,8,2
2026-05-26,5,9,3,6,0
2026-05-26,6,40,32,17,0
2026-05-27,1,187,146,117,4
2026-05-27,2,65,29,38,1
2026-05-27,3,14,10,6,0
2026-05-27,4,13,9,7,0
2026-05-27,5,10,3,7,1
2026-05-27,6,42,34,20,0
2026-05-28,1,169,132,99,2
2026-05-28,2,71,32,38,1
2026-05-28,3,71,51,28,2
2026-05-28,4,13,9,8,2
2026-05-28,5,32,10,20,0
2026-05-28,6,45,36,19,3
2026-05-29,1,223,174,138,8
2026-05-29,2,55,25,32,2
2026-05-29,3,54,39,23,3
2026-05-29,4,17,12,10,0
2026-05-29,5,9,3,6,0
2026-05-29,6,41,33,19,0
2026-05-30,1,184,144,109,6
2026-05-30,2,57,26,31,1
2026-05-30,3,28,20,11,0
2026-05-30,4,12,8,7,1
2026-05-30,5,6,2,4,0
2026-05-30,6,29,23,14,0
2026-05-31,1,184,144,119,9
2026-05-31,2,54,24,30,2
2026-05-31,3,14,10,5,0
2026-05-31,4,12,8,7,0
2026-05-31,5,7,2,4,0
2026-05-31,6,31,25,13,2
2026-06-01,1,213,166,122,7
2026-06-01,2,57,26,30,3
2026-06-01,3,14,10,6,2
2026-06-01,4,14,10,8,2
2026-06-01,5,8,2,5,0
2026-06-01,6,43,34,18,1
2026-06-02,1,241,188,151,12
2026-06-02,2,72,32,38,0
2026-06-02,3,32,23,13,0
2026-06-02,4,15,10,9,1
2026-06-02,5,8,2,5,1
2026-06-02,6,33,26,15,0
2026-06-03,1,215,168,123,4
2026-06-03,2,59,27,32,1
2026-06-03,3,64,46,26,5
2026-06-03,4,15,10,9,1
2026-06-03,5,7,2,5,1
2026-06-03,6,34,27,17,0
2026-06-04,1,184,144,109,3
2026-06-04,2,59,27,33,1
2026-06-04,3,23,17,9,0
2026-06-04,4,15,10,9,0
2026-06-04,5,26,8,17,0
2026-06-04,6,48,38,23,0
2026-06-05,1,244,190,156,5
2026-06-05,2,62,28,33,3
2026-06-05,3,31,22,13,0
2026-06-05,4,18,12,10,1
2026-06-05,5,8,2,5,0
2026-06-05,6,42,34,20,1
2026-06-06,1,160,125,101,4
2026-06-06,2,51,23,30,1
2026-06-06,3,29,21,12,0
2026-06-06,4,14,10,9,2
2026-06-06,5,7,2,5,0
2026-06-06,6,36,29,16,1
2026-06-07,1,184,144,116,6
2026-06-07,2,53,24,28,0
2026-06-07,3,20,14,8,0
2026-06-07,4,12,8,7,0
2026-06-07,5,7,2,4,0
2026-06-07,6,39,31,18,2
2026-06-08,1,205,160,125,1
2026-06-08,2,68,31,38,1
2026-06-08,3,33,24,13,0
2026-06-08,4,14,10,8,0
2026-06-08,5,7,2,4,0
2026-06-08,6,37,30,16,1
2026-06-09,1,214,167,137,16
2026-06-09,2,63,28,34,1
2026-06-09,3,46,33,19,0
2026-06-09,4,15,10,8,1
2026-06-09,5,7,2,5,0
2026-06-09,6,39,31,17,1
2026-06-10,1,215,168,133,8
2026-06-10,2,67,30,37,2
2026-06-10,3,13,9,5,0
2026-06-10,4,18,12,10,1
2026-06-10,5,8,2,5,0
2026-06-10,6,38,30,16,2
2026-06-11,1,197,154,116,8
2026-06-11,2,76,34,41,2
2026-06-11,3,26,19,11,0
2026-06-11,4,16,11,9,0
2026-06-11,5,27,8,17,1
2026-06-11,6,47,38,20,1
2026-06-12,1,193,151,127,8
2026-06-12,2,69,31,36,0
2026-06-12,3,18,13,7,0
2026-06-12,4,14,10,8,1
2026-06-12,5,6,2,4,0
2026-06-12,6,37,30,15,0
2026-06-13,1,171,133,103,8
2026-06-13,2,60,27,33,1
2026-06-13,3,55,40,22,0
2026-06-13,4,13,9,7,1
2026-06-13,5,6,2,4,2
2026-06-13,6,37,30,16,1
2026-06-14,1,204,159,132,7
2026-06-14,2,46,21,27,3
2026-06-14,3,51,37,21,0
2026-06-14,4,16,11,10,1
2026-06-14,5,6,2,4,1
2026-06-14,6,31,25,13,0
2026-06-15,1,212,165,131,5
2026-06-15,2,66,30,37,1
2026-06-15,3,34,24,13,1
2026-06-15,4,19,13,11,2
2026-06-15,5,6,2,4,0
2026-06-15,6,33,26,15,0
2026-06-16,1,208,162,135,6
2026-06-16,2,59,27,32,1
2026-06-16,3,50,36,21,0
2026-06-16,4,16,11,9,1
2026-06-16,5,9,3,6,0
2026-06-16,6,38,30,18,1
2026-06-17,1,208,162,123,8
2026-06-17,2,67,30,37,2
2026-06-17,3,31,22,12,1
2026-06-17,4,16,11,9,0
2026-06-17,5,8,2,5,0
2026-06-17,6,41,33,19,0
2026-06-18,1,220,172,135,4
2026-06-18,2,74,33,41,5
2026-06-18,3,37,27,16,0
2026-06-18,4,13,9,8,0
2026-06-18,5,27,8,17,2
2026-06-18,6,57,46,26,2
2026-06-19,1,221,172,136,7
2026-06-19,2,64,29,35,2
2026-06-19,3,58,42,22,2
2026-06-19,4,14,10,8,1
2026-06-19,5,7,2,5,0
2026-06-19,6,38,30,18,0
2026-06-20,1,170,133,106,9
2026-06-20,2,49,22,26,0
2026-06-20,3,18,13,7,0
2026-06-20,4,14,10,7,1
2026-06-20,5,8,2,5,1
2026-06-20,6,37,30,16,1
2026-06-21,1,179,140,112,5
2026-06-21,2,54,24,29,1
2026-06-21,3,53,38,22,0
2026-06-21,4,13,9,7,1
2026-06-21,5,6,2,4,1
2026-06-21,6,31,25,14,1
2026-06-22,1,284,222,174,7
2026-06-22,2,74,33,40,1
2026-06-22,3,35,25,14,1
2026-06-22,4,15,10,9,1
2026-06-22,5,10,3,7,0
2026-06-22,6,34,27,15,0
2026-06-23,1,213,166,131,5
2026-06-23,2,65,29,35,0
2026-06-23,3,73,53,29,1
2026-06-23,4,16,11,9,0
2026-06-23,5,8,2,5,0
2026-06-23,6,44,35,20,1
2026-06-24,1,228,178,134,5
2026-06-24,2,76,34,45,3
2026-06-24,3,52,37,22,0
2026-06-24,4,19,13,12,2
2026-06-24,5,7,2,5,2
2026-06-24,6,42,34,19,2
2026-06-25,1,258,201,151,7
2026-06-25,2,74,33,39,0
2026-06-25,3,20,14,9,0
2026-06-25,4,17,12,10,0
2026-06-25,5,24,7,16,1
2026-06-25,6,42,34,19,0
2026-06-26,1,184,144,107,7
2026-06-26,2,68,31,40,2
2026-06-26,3,25,18,10,0
2026-06-26,4,14,10,8,0
2026-06-26,5,8,2,6,1
2026-06-26,6,32,26,14,1
2026-06-27,1,189,147,135,8
2026-06-27,2,59,27,32,1
2026-06-27,3,40,29,16,0
2026-06-27,4,12,8,7,0
2026-06-27,5,7,2,5,0
2026-06-27,6,35,28,16,0
2026-06-28,1,196,153,125,6
2026-06-28,2,57,26,32,2
2026-06-28,3,25,18,10,0
2026-06-28,4,13,9,8,0
2026-06-28,5,6,2,4,0
2026-06-28,6,36,29,16,1
2026-06-29,1,221,172,129,12
2026-06-29,2,61,27,32,1
2026-06-29,3,24,17,10,1
2026-06-29,4,15,10,8,0
2026-06-29,5,7,2,4,0
2026-06-29,6,32,26,15,0
2026-06-30,1,236,184,156,8
2026-06-30,2,61,27,33,4
2026-06-30,3,58,42,24,0
2026-06-30,4,15,10,9,0
2026-06-30,5,7,2,4,0
2026-06-30,6,39,31,18,1
2026-07-01,1,279,218,172,10
2026-07-01,2,64,29,36,0
2026-07-01,3,34,24,13,1
2026-07-01,4,17,12,10,0
2026-07-01,5,8,2,5,0
2026-07-01,6,35,28,16,0
2026-07-02,1,204,159,126,7
2026-07-02,2,63,28,34,3
2026-07-02,3,68,49,27,1
2026-07-02,4,15,10,9,0
2026-07-02,5,25,8,16,1
2026-07-02,6,41,33,18,1
2026-07-03,1,222,173,136,6
2026-07-03,2,59,27,35,4
2026-07-03,3,31,22,13,0
2026-07-03,4,15,10,9,1
2026-07-03,5,8,2,5,0
2026-07-03,6,46,37,20,1
2026-07-04,1,212,165,123,10
2026-07-04,2,66,30,36,5
2026-07-04,3,77,55,31,0
2026-07-04,4,12,8,7,1
2026-07-04,5,6,2,4,0
2026-07-04,6,31,25,14,3
2026-07-05,1,185,144,120,3
2026-07-05,2,61,27,36,3
2026-07-05,3,22,16,8,0
2026-07-05,4,11,7,6,1
2026-07-05,5,7,2,4,0
2026-07-05,6,34,27,15,0
2026-07-06,1,209,163,140,8
2026-07-06,2,72,32,38,1
2026-07-06,3,55,40,21,2
2026-07-06,4,16,11,9,0
2026-07-06,5,8,2,6,0
2026-07-06,6,33,26,15,0
2026-07-07,1,195,152,112,7
2026-07-07,2,82,37,47,2
2026-07-07,3,47,34,17,0
2026-07-07,4,14,10,8,1
2026-07-07,5,7,2,5,0
2026-07-07,6,38,30,17,1
2026-07-08,1,285,222,159,11
2026-07-08,2,74,33,39,1
2026-07-08,3,53,38,22,0
2026-07-08,4,15,10,8,0
2026-07-08,5,7,2,5,0
2026-07-08,6,42,34,19,3
2026-07-09,1,242,189,147,5
2026-07-09,2,72,32,43,5
2026-07-09,3,14,10,6,1
2026-07-09,4,16,11,9,0
2026-07-09,5,29,9,19,2
2026-07-09,6,41,33,19,0
2026-07-10,1,216,168,138,4
2026-07-10,2,68,31,38,1
2026-07-10,3,27,19,10,0
2026-07-10,4,15,10,9,0
2026-07-10,5,8,2,5,0
2026-07-10,6,39,31,18,2
2026-07-11,1,192,150,115,9
2026-07-11,2,53,24,28,1
2026-07-11,3,30,22,11,0
2026-07-11,4,14,10,8,1
2026-07-11,5,6,2,4,0
2026-07-11,6,36,29,16,1
2026-07-12,1,252,197,166,5
2026-07-12,2,55,25,31,1
2026-07-12,3,15,11,6,1
2026-07-12,4,15,10,9,0
2026-07-12,5,6,2,4,0
2026-07-12,6,37,30,17,0
2026-07-13,1,229,179,142,8
2026-07-13,2,74,33,40,0
2026-07-13,3,34,24,15,0
2026-07-13,4,17,12,10,0
2026-07-13,5,7,2,4,1
2026-07-13,6,43,34,20,2
2026-07-14,1,169,132,105,6
2026-07-14,2,71,32,37,3
2026-07-14,3,63,45,24,3
2026-07-14,4,15,10,9,0
2026-07-14,5,9,3,6,0
2026-07-14,6,48,38,20,0
2026-07-15,1,234,183,145,10
2026-07-15,2,68,31,38,0
2026-07-15,3,22,16,9,0
2026-07-15,4,14,10,8,1
2026-07-15,5,7,2,4,0
2026-07-15,6,40,32,17,3
2026-07-16,1,326,254,207,14
2026-07-16,2,62,28,34,2
2026-07-16,3,24,17,9,0
2026-07-16,4,17,12,10,0
2026-07-16,5,26,8,18,1
2026-07-16,6,44,35,20,1
2026-07-17,1,227,177,123,7
2026-07-17,2,74,33,45,3
2026-07-17,3,40,29,17,1
2026-07-17,4,19,13,11,0
2026-07-17,5,7,2,4,1
2026-07-17,6,35,28,16,1
2026-07-18,1,217,169,139,6
2026-07-18,2,49,22,28,1
2026-07-18,3,39,28,15,0
2026-07-18,4,14,10,9,1
2026-07-18,5,7,2,4,0
2026-07-18,6,35,28,16,1
2026-07-19,1,229,179,155,2
2026-07-19,2,53,24,28,2
2026-07-19,3,29,21,12,0
2026-07-19,4,13,9,8,1
2026-07-19,5,6,2,4,1
2026-07-19,6,38,30,17,1
2026-07-20,1,130,101,78,4
2026-07-20,2,66,30,37,1
2026-07-20,3,50,36,20,0
2026-07-20,4,14,10,8,1
2026-07-20,5,8,2,5,0
2026-07-20,6,35,28,15,1
2026-07-21,1,131,102,83,4
2026-07-21,2,61,27,34,1
2026-07-21,3,38,27,15,0
2026-07-21,4,12,8,7,0
2026-07-21,5,7,2,5,0
2026-07-21,6,33,26,14,0
2026-07-22,1,178,139,117,9
2026-07-22,2,64,29,35,0
2026-07-22,3,54,39,22,0
2026-07-22,4,17,12,10,0
2026-07-22,5,8,2,5,0
2026-07-22,6,41,33,18,1
2026-07-23,1,175,136,107,7
2026-07-23,2,60,27,33,1
2026-07-23,3,35,25,14,0
2026-07-23,4,16,11,9,0
2026-07-23,5,23,7,16,1
2026-07-23,6,42,34,19,1
2026-07-24,1,146,114,92,7
2026-07-24,2,71,32,39,3
2026-07-24,3,50,36,20,0
2026-07-24,4,13,9,7,0
2026-07-24,5,8,2,5,0
2026-07-24,6,37,30,17,0
2026-07-25,1,142,111,89,6
2026-07-25,2,65,29,34,1
2026-07-25,3,68,49,28,0
2026-07-25,4,13,9,8,0
2026-07-25,5,7,2,5,0
2026-07-25,6,31,25,14,0
2026-07-26,1,139,108,89,3
2026-07-26,2,60,27,35,0
2026-07-26,3,14,10,5,0
2026-07-26,4,14,10,8,2
2026-07-26,5,7,2,5,1
2026-07-26,6,40,32,18,1
2026-07-27,1,166,129,100,6
2026-07-27,2,71,32,38,0
2026-07-27,3,44,32,19,0
2026-07-27,4,15,10,9,0
2026-07-27,5,8,2,5,0
2026-07-27,6,42,34,19,3
2026-07-28,1,156,122,101,1
2026-07-28,2,70,32,39,4
2026-07-28,3,52,37,20,0
2026-07-28,4,16,11,9,1
2026-07-28,5,8,2,5,1
2026-07-28,6,45,36,20,0
2026-07-29,1,163,127,104,5
2026-07-29,2,80,36,43,1
2026-07-29,3,27,19,11,0
2026-07-29,4,16,11,9,0
2026-07-29,5,8,2,5,0
2026-07-29,6,38,30,16,2
2026-07-30,1,191,149,118,11
2026-07-30,2,64,29,34,3
2026-07-30,3,48,35,20,0
2026-07-30,4,17,12,9,1
2026-07-30,5,35,10,24,0
2026-07-30,6,47,38,21,1
2026-07-31,1,178,139,111,7
2026-07-31,2,60,27,33,2
2026-07-31,3,59,42,24,1
2026-07-31,4,16,11,9,0
2026-07-31,5,7,2,5,0
2026-07-31,6,43,34,18,0
2026-08-01,1,113,88,69,4
2026-08-01,2,63,28,33,0
2026-08-01,3,72,52,28,0
2026-08-01,4,14,10,8,0
2026-08-01,5,7,2,5,1
2026-08-01,6,37,30,16,0
2026-08-02,1,119,93,77,3
2026-08-02,2,68,31,39,1
2026-08-02,3,47,34,19,1
2026-08-02,4,14,10,8,0
2026-08-02,5,6,2,4,1
2026-08-02,6,33,26,16,1
2026-08-03,1,238,186,147,4
2026-08-03,2,79,36,46,2
2026-08-03,3,56,40,22,0
2026-08-03,4,14,10,8,0
2026-08-03,5,8,2,5,2
2026-08-03,6,46,37,21,1
2026-08-04,1,255,199,164,12
2026-08-04,2,59,27,31,3
2026-08-04,3,23,17,9,0
2026-08-04,4,18,12,11,0
2026-08-04,5,7,2,5,0
2026-08-04,6,35,28,16,2
2026-08-05,1,297,232,173,5
2026-08-05,2,61,27,32,1
2026-08-05,3,32,23,13,0
2026-08-05,4,15,10,9,0
2026-08-05,5,7,2,5,0
2026-08-05,6,38,30,18,1
2026-08-06,1,300,234,187,6
2026-08-06,2,68,31,40,2
2026-08-06,3,42,30,17,0
2026-08-06,4,14,10,8,0
2026-08-06,5,31,9,21,1
2026-08-06,6,40,32,19,0
2026-08-07,1,302,236,176,8
2026-08-07,2,55,25,28,2
2026-08-07,3,11,8,4,1
2026-08-07,4,14,10,8,0
2026-08-07,5,8,2,5,0
2026-08-07,6,37,30,16,2
2026-08-08,1,243,190,151,8
2026-08-08,2,66,30,37,2
2026-08-08,3,71,51,28,1
2026-08-08,4,14,10,8,0
2026-08-08,5,6,2,4,1
2026-08-08,6,35,28,16,0
2026-08-09,1,247,193,140,10
2026-08-09,2,63,28,33,2
2026-08-09,3,29,21,12,1
2026-08-09,4,13,9,7,1
2026-08-09,5,6,2,4,1
2026-08-09,6,34,27,15,0
2026-08-10,1,307,239,195,7
2026-08-10,2,68,31,38,0
2026-08-10,3,13,9,5,0
2026-08-10,4,14,10,8,2
2026-08-10,5,8,2,5,3
2026-08-10,6,48,38,21,1
2026-08-11,1,302,236,189,6
2026-08-11,2,78,35,44,6
2026-08-11,3,42,30,17,2
2026-08-11,4,13,9,8,0
2026-08-11,5,8,2,5,0
2026-08-11,6,41,33,18,2
2026-08-12,1,264,206,163,5
2026-08-12,2,75,34,41,1
2026-08-12,3,45,32,18,1
2026-08-12,4,14,10,8,0
2026-08-12,5,10,3,7,1
2026-08-12,6,43,34,19,2
2026-08-13,1,290,226,182,8
2026-08-13,2,68,31,38,1
2026-08-13,3,44,32,17,0
2026-08-13,4,19,13,11,0
2026-08-13,5,32,10,21,1
2026-08-13,6,39,31,18,2
2026-08-14,1,302,236,190,20
2026-08-14,2,60,27,32,1
2026-08-14,3,24,17,9,1
2026-08-14,4,16,11,9,1
2026-08-14,5,8,2,5,0
2026-08-14,6,45,36,20,0
2026-08-15,1,287,224,174,5
2026-08-15,2,53,24,29,4
2026-08-15,3,29,21,12,1
2026-08-15,4,16,11,9,1
2026-08-15,5,8,2,5,0
2026-08-15,6,36,29,15,0
2026-08-16,1,288,225,179,10
2026-08-16,2,57,26,30,2
2026-08-16,3,12,9,5,0
2026-08-16,4,16,11,9,0
2026-08-16,5,7,2,5,1
2026-08-16,6,36,29,16,0
2026-08-17,1,340,265,200,6
2026-08-17,2,65,29,35,1
2026-08-17,3,52,37,21,0
2026-08-17,4,16,11,9,0
2026-08-17,5,7,2,4,0
2026-08-17,6,40,32,17,1
2026-08-18,1,338,264,217,8
2026-08-18,2,62,28,33,1
2026-08-18,3,44,32,17,0
2026-08-18,4,15,10,9,0
2026-08-18,5,8,2,5,0
2026-08-18,6,34,27,15,1
2026-08-19,1,321,250,199,4
2026-08-19,2,64,29,36,1
2026-08-19,3,26,19,10,0
2026-08-19,4,17,12,10,1
2026-08-19,5,7,2,5,0
2026-08-19,6,38,30,18,2
2026-08-20,1,313,244,200,3
2026-08-20,2,71,32,40,0
2026-08-20,3,43,31,17,0
2026-08-20,4,16,11,10,0
2026-08-20,5,32,10,22,1
2026-08-20,6,40,32,20,1
2026-08-21,1,348,271,228,21
2026-08-21,2,71,32,40,2
2026-08-21,3,14,10,5,0
2026-08-21,4,17,12,10,1
2026-08-21,5,8,2,5,0
2026-08-21,6,41,33,18,3
2026-08-22,1,283,221,174,2
2026-08-22,2,65,29,36,1
2026-08-22,3,64,46,26,1
2026-08-22,4,13,9,7,0
2026-08-22,5,8,2,5,0
2026-08-22,6,38,30,18,5
2026-08-23,1,225,176,138,5
2026-08-23,2,56,25,32,2
2026-08-23,3,16,12,6,0
2026-08-23,4,14,10,8,0
2026-08-23,5,7,2,5,0
2026-08-23,6,34,27,17,0
2026-08-24,1,306,239,194,13
2026-08-24,2,63,28,35,2
2026-08-24,3,26,19,11,0
2026-08-24,4,16,11,9,1
2026-08-24,5,7,2,5,0
2026-08-24,6,38,30,17,2
2026-08-25,1,320,250,195,9
2026-08-25,2,71,32,41,1
2026-08-25,3,141,102,58,2
2026-08-25,4,15,10,9,0
2026-08-25,5,9,3,6,1
2026-08-25,6,37,30,16,0
2026-08-26,1,309,241,201,11
2026-08-26,2,66,30,36,2
2026-08-26,3,48,35,21,1
2026-08-26,4,21,14,12,0
2026-08-26,5,7,2,5,0
2026-08-26,6,41,33,19,1
2026-08-27,1,340,265,211,10
2026-08-27,2,64,29,36,1
2026-08-27,3,76,55,33,1
2026-08-27,4,16,11,10,0
2026-08-27,5,33,10,23,2
2026-08-27,6,40,32,17,0
2026-08-28,1,327,255,200,12
2026-08-28,2,77,35,43,2
2026-08-28,3,54,39,23,0
2026-08-28,4,15,10,8,0
2026-08-28,5,8,2,5,1
2026-08-28,6,42,34,19,1
2026-08-29,1,255,199,156,5
2026-08-29,2,64,29,35,3
2026-08-29,3,64,46,23,0
2026-08-29,4,13,9,8,1
2026-08-29,5,7,2,5,1
2026-08-29,6,46,37,20,2
2026-08-30,1,249,194,157,4
2026-08-30,2,52,23,28,2
2026-08-30,3,31,22,11,0
2026-08-30,4,15,10,9,1
2026-08-30,5,7,2,5,0
2026-08-30,6,38,30,17,1
2026-08-31,1,359,280,212,19
2026-08-31,2,68,31,38,1
2026-08-31,3,39,28,16,0
2026-08-31,4,19,13,10,0
2026-08-31,5,8,2,5,0
2026-08-31,6,45,36,21,4
2026-09-01,1,306,239,191,10
2026-09-01,2,58,26,33,0
2026-09-01,3,38,27,15,0
2026-09-01,4,16,11,10,0
2026-09-01,5,8,2,5,1
2026-09-01,6,40,32,18,0
2026-09-02,1,268,209,159,9
2026-09-02,2,65,29,34,1
2026-09-02,3,27,19,12,0
2026-09-02,4,18,12,11,0
2026-09-02,5,9,3,6,1
2026-09-02,6,43,34,19,0
2026-09-03,1,319,249,199,10
2026-09-03,2,70,32,36,2
2026-09-03,3,80,58,33,0
2026-09-03,4,17,12,10,0
2026-09-03,5,25,8,16,0
2026-09-03,6,42,34,19,2
2026-09-04,1,332,259,209,15
2026-09-04,2,66,30,35,1
2026-09-04,3,29,21,11,0
2026-09-04,4,16,11,10,1
2026-09-04,5,8,2,5,0
2026-09-04,6,37,30,16,2
2026-09-05,1,247,193,155,7
2026-09-05,2,55,25,31,3
2026-09-05,3,28,20,11,0
2026-09-05,4,10,7,6,1
2026-09-05,5,8,2,6,0
2026-09-05,6,32,26,15,0
2026-09-06,1,247,193,154,6
2026-09-06,2,61,27,36,3
2026-09-06,3,13,9,5,0
2026-09-06,4,15,10,9,1
2026-09-06,5,6,2,4,1
2026-09-06,6,41,33,18,1
2026-09-07,1,330,257,204,6
2026-09-07,2,69,31,38,0
2026-09-07,3,21,15,8,0
2026-09-07,4,13,9,8,0
2026-09-07,5,8,2,5,0
2026-09-07,6,37,30,17,0
2026-09-08,1,313,244,197,10
2026-09-08,2,69,31,37,1
2026-09-08,3,38,27,15,0
2026-09-08,4,16,11,9,0
2026-09-08,5,8,2,5,1
2026-09-08,6,36,29,15,1
2026-09-09,1,381,297,230,15
2026-09-09,2,71,32,39,5
2026-09-09,3,41,30,16,0
2026-09-09,4,19,13,11,1
2026-09-09,5,7,2,5,1
2026-09-09,6,40,32,18,0
2026-09-10,1,296,231,186,15
2026-09-10,2,56,25,30,0
2026-09-10,3,33,24,13,0
2026-09-10,4,18,12,10,0
2026-09-10,5,25,8,15,1
2026-09-10,6,42,34,21,1
2026-09-11,1,319,249,181,8
2026-09-11,2,82,37,48,1
2026-09-11,3,39,28,15,2
2026-09-11,4,16,11,9,0
2026-09-11,5,7,2,5,0
2026-09-11,6,37,30,16,0
2026-09-12,1,271,211,172,5
2026-09-12,2,47,21,25,1
2026-09-12,3,54,39,22,1
2026-09-12,4,13,9,7,2
2026-09-12,5,6,2,4,0
2026-09-12,6,31,25,14,0
2026-09-13,1,301,235,180,10
2026-09-13,2,55,25,31,1
2026-09-13,3,50,36,20,1
2026-09-13,4,12,8,7,1
2026-09-13,5,6,2,4,0
2026-09-13,6,35,28,16,0
2026-09-14,1,384,300,235,12
2026-09-14,2,85,38,45,6
2026-09-14,3,46,33,20,1
2026-09-14,4,19,13,10,0
2026-09-14,5,7,2,5,0
2026-09-14,6,42,34,19,1
2026-09-15,1,403,314,257,9
2026-09-15,2,66,30,37,3
2026-09-15,3,58,42,22,0
2026-09-15,4,18,12,10,0
2026-09-15,5,8,2,5,0
2026-09-15,6,40,32,18,0
2026-09-16,1,371,289,223,20
2026-09-16,2,73,33,38,0
2026-09-16,3,40,29,16,1
2026-09-16,4,18,12,10,0
2026-09-16,5,7,2,5,0
2026-09-16,6,40,32,18,2
2026-09-17,1,407,317,238,17
2026-09-17,2,67,30,38,1
2026-09-17,3,37,27,15,0
2026-09-17,4,17,12,10,0
2026-09-17,5,27,8,17,1
2026-09-17,6,40,32,17,0
2026-09-18,1,411,321,243,7
2026-09-18,2,90,40,50,1
2026-09-18,3,14,10,6,0
2026-09-18,4,19,13,11,1
2026-09-18,5,7,2,4,0
2026-09-18,6,43,34,19,1
2026-09-19,1,275,214,176,10
2026-09-19,2,58,26,30,1
2026-09-19,3,48,35,18,0
2026-09-19,4,15,10,9,1
2026-09-19,5,6,2,4,1
2026-09-19,6,32,26,15,0
2026-09-20,1,278,217,170,8
2026-09-20,2,58,26,31,1
2026-09-20,3,37,27,14,0
2026-09-20,4,15,10,9,0
2026-09-20,5,7,2,5,0
2026-09-20,6,36,29,16,1
2026-09-21,1,311,243,188,8
2026-09-21,2,80,36,44,2
2026-09-21,3,48,35,20,0
2026-09-21,4,16,11,9,0
2026-09-21,5,9,3,6,0
2026-09-21,6,43,34,19,0
2026-09-22,1,301,235,194,2
2026-09-22,2,61,27,34,2
2026-09-22,3,70,50,28,1
2026-09-22,4,14,10,8,0
2026-09-22,5,6,2,4,0
2026-09-22,6,43,34,20,0
2026-09-23,1,325,254,207,9
2026-09-23,2,68,31,34,4
2026-09-23,3,32,23,12,0
2026-09-23,4,17,12,10,4
2026-09-23,5,9,3,6,1
2026-09-23,6,41,33,20,2
2026-09-24,1,419,327,270,22
2026-09-24,2,72,32,38,4
2026-09-24,3,26,19,11,0
2026-09-24,4,19,13,10,1
2026-09-24,5,25,8,18,0
2026-09-24,6,40,32,18,2
2026-09-25,1,367,286,223,11
2026-09-25,2,73,33,39,2
2026-09-25,3,21,15,9,0
2026-09-25,4,16,11,10,0
2026-09-25,5,8,2,5,0
2026-09-25,6,39,31,18,3
2026-09-26,1,303,236,190,5
2026-09-26,2,53,24,28,1
2026-09-26,3,72,52,29,1
2026-09-26,4,14,10,8,0
2026-09-26,5,7,2,5,0
2026-09-26,6,38,30,17,0
2026-09-27,1,322,251,199,11
2026-09-27,2,62,28,34,0
2026-09-27,3,72,52,28,1
2026-09-27,4,14,10,8,0
2026-09-27,5,7,2,5,0
2026-09-27,6,37,30,17,1
